cable_id,type,length_m,a_rack,a_device,a_termination,b_rack,b_device,b_termination,reach_check
932,cat6a,30.0,C01,dgx-c01-01,bmc,M01,oob-01,eth1,
276,mmf-om4,25.0,C01,dgx-c01-01,ib-rail0,N01,leaf-01,port1,ok
277,mmf-om4,25.0,C01,dgx-c01-01,ib-rail1,N01,leaf-02,port1,ok
278,mmf-om4,25.0,C01,dgx-c01-01,ib-rail2,N01,leaf-03,port1,ok
279,mmf-om4,25.0,C01,dgx-c01-01,ib-rail3,N01,leaf-04,port1,ok
280,mmf-om4,25.0,C01,dgx-c01-01,ib-rail4,N02,leaf-05,port1,ok
281,mmf-om4,25.0,C01,dgx-c01-01,ib-rail5,N02,leaf-06,port1,ok
282,mmf-om4,25.0,C01,dgx-c01-01,ib-rail6,N02,leaf-07,port1,ok
283,mmf-om4,25.0,C01,dgx-c01-01,ib-rail7,N02,leaf-08,port1,ok
788,mmf-om4,20.0,C01,dgx-c01-01,ib-storage0,S01,stor-fabric-01,port1,ok
789,mmf-om4,20.0,C01,dgx-c01-01,ib-storage1,S01,stor-fabric-02,port1,ok
860,mmf-om4,20.0,C01,dgx-c01-01,inband0,M01,inband-01,eth1,ok
861,mmf-om4,20.0,C01,dgx-c01-01,inband1,M01,inband-02,eth1,ok
5,,,C01,dgx-c01-01,psu1,C01,pdu-c01-a,outlet1,
6,,,C01,dgx-c01-01,psu2,C01,pdu-c01-a,outlet2,
9,,,C01,dgx-c01-01,psu3,C01,pdu-c01-b,outlet1,
10,,,C01,dgx-c01-01,psu4,C01,pdu-c01-b,outlet2,
11,,,C01,dgx-c01-01,psu5,C01,pdu-c01-c,outlet1,
12,,,C01,dgx-c01-01,psu6,C01,pdu-c01-c,outlet2,
933,cat6a,30.0,C01,dgx-c01-02,bmc,M01,oob-01,eth2,
284,mmf-om4,25.0,C01,dgx-c01-02,ib-rail0,N01,leaf-01,port2,ok
285,mmf-om4,25.0,C01,dgx-c01-02,ib-rail1,N01,leaf-02,port2,ok
286,mmf-om4,25.0,C01,dgx-c01-02,ib-rail2,N01,leaf-03,port2,ok
287,mmf-om4,25.0,C01,dgx-c01-02,ib-rail3,N01,leaf-04,port2,ok
288,mmf-om4,25.0,C01,dgx-c01-02,ib-rail4,N02,leaf-05,port2,ok
289,mmf-om4,25.0,C01,dgx-c01-02,ib-rail5,N02,leaf-06,port2,ok
290,mmf-om4,25.0,C01,dgx-c01-02,ib-rail6,N02,leaf-07,port2,ok
291,mmf-om4,25.0,C01,dgx-c01-02,ib-rail7,N02,leaf-08,port2,ok
790,mmf-om4,20.0,C01,dgx-c01-02,ib-storage0,S01,stor-fabric-01,port2,ok
791,mmf-om4,20.0,C01,dgx-c01-02,ib-storage1,S01,stor-fabric-02,port2,ok
862,mmf-om4,20.0,C01,dgx-c01-02,inband0,M01,inband-01,eth2,ok
863,mmf-om4,20.0,C01,dgx-c01-02,inband1,M01,inband-02,eth2,ok
934,cat6a,30.0,C01,dgx-c01-03,bmc,M01,oob-01,eth3,
292,mmf-om4,25.0,C01,dgx-c01-03,ib-rail0,N01,leaf-01,port3,ok
293,mmf-om4,25.0,C01,dgx-c01-03,ib-rail1,N01,leaf-02,port3,ok
294,mmf-om4,25.0,C01,dgx-c01-03,ib-rail2,N01,leaf-03,port3,ok
295,mmf-om4,25.0,C01,dgx-c01-03,ib-rail3,N01,leaf-04,port3,ok
296,mmf-om4,25.0,C01,dgx-c01-03,ib-rail4,N02,leaf-05,port3,ok
297,mmf-om4,25.0,C01,dgx-c01-03,ib-rail5,N02,leaf-06,port3,ok
298,mmf-om4,25.0,C01,dgx-c01-03,ib-rail6,N02,leaf-07,port3,ok
299,mmf-om4,25.0,C01,dgx-c01-03,ib-rail7,N02,leaf-08,port3,ok
792,mmf-om4,20.0,C01,dgx-c01-03,ib-storage0,S01,stor-fabric-01,port3,ok
793,mmf-om4,20.0,C01,dgx-c01-03,ib-storage1,S01,stor-fabric-02,port3,ok
864,mmf-om4,20.0,C01,dgx-c01-03,inband0,M01,inband-01,eth3,ok
865,mmf-om4,20.0,C01,dgx-c01-03,inband1,M01,inband-02,eth3,ok
935,cat6a,30.0,C01,dgx-c01-04,bmc,M01,oob-01,eth4,
300,mmf-om4,25.0,C01,dgx-c01-04,ib-rail0,N01,leaf-01,port4,ok
301,mmf-om4,25.0,C01,dgx-c01-04,ib-rail1,N01,leaf-02,port4,ok
302,mmf-om4,25.0,C01,dgx-c01-04,ib-rail2,N01,leaf-03,port4,ok
303,mmf-om4,25.0,C01,dgx-c01-04,ib-rail3,N01,leaf-04,port4,ok
304,mmf-om4,25.0,C01,dgx-c01-04,ib-rail4,N02,leaf-05,port4,ok
305,mmf-om4,25.0,C01,dgx-c01-04,ib-rail5,N02,leaf-06,port4,ok
306,mmf-om4,25.0,C01,dgx-c01-04,ib-rail6,N02,leaf-07,port4,ok
307,mmf-om4,25.0,C01,dgx-c01-04,ib-rail7,N02,leaf-08,port4,ok
794,mmf-om4,20.0,C01,dgx-c01-04,ib-storage0,S01,stor-fabric-01,port4,ok
795,mmf-om4,20.0,C01,dgx-c01-04,ib-storage1,S01,stor-fabric-02,port4,ok
866,mmf-om4,20.0,C01,dgx-c01-04,inband0,M01,inband-01,eth4,ok
867,mmf-om4,20.0,C01,dgx-c01-04,inband1,M01,inband-02,eth4,ok
1,,,C01,pdu-c01-a,input,C01,(power feed),C01-A,
13,power,,C01,pdu-c01-a,outlet3,C01,dgx-c01-02,psu1,
14,power,,C01,pdu-c01-a,outlet4,C01,dgx-c01-02,psu2,
19,power,,C01,pdu-c01-a,outlet5,C01,dgx-c01-03,psu1,
20,power,,C01,pdu-c01-a,outlet6,C01,dgx-c01-03,psu2,
25,power,,C01,pdu-c01-a,outlet7,C01,dgx-c01-04,psu1,
26,power,,C01,pdu-c01-a,outlet8,C01,dgx-c01-04,psu2,
2,,,C01,pdu-c01-b,input,C01,(power feed),C01-B,
15,power,,C01,pdu-c01-b,outlet3,C01,dgx-c01-02,psu3,
16,power,,C01,pdu-c01-b,outlet4,C01,dgx-c01-02,psu4,
21,power,,C01,pdu-c01-b,outlet5,C01,dgx-c01-03,psu3,
22,power,,C01,pdu-c01-b,outlet6,C01,dgx-c01-03,psu4,
27,power,,C01,pdu-c01-b,outlet7,C01,dgx-c01-04,psu3,
28,power,,C01,pdu-c01-b,outlet8,C01,dgx-c01-04,psu4,
3,,,C01,pdu-c01-c,input,C01,(power feed),C01-C,
17,power,,C01,pdu-c01-c,outlet3,C01,dgx-c01-02,psu5,
18,power,,C01,pdu-c01-c,outlet4,C01,dgx-c01-02,psu6,
23,power,,C01,pdu-c01-c,outlet5,C01,dgx-c01-03,psu5,
24,power,,C01,pdu-c01-c,outlet6,C01,dgx-c01-03,psu6,
29,power,,C01,pdu-c01-c,outlet7,C01,dgx-c01-04,psu5,
30,power,,C01,pdu-c01-c,outlet8,C01,dgx-c01-04,psu6,
31,power,,C02,(power feed),C02-A,C02,pdu-c02-a,input,
32,power,,C02,(power feed),C02-B,C02,pdu-c02-b,input,
33,power,,C02,(power feed),C02-C,C02,pdu-c02-c,input,
936,cat6a,30.0,C02,dgx-c02-01,bmc,M01,oob-01,eth5,
308,mmf-om4,25.0,C02,dgx-c02-01,ib-rail0,N01,leaf-01,port5,ok
309,mmf-om4,25.0,C02,dgx-c02-01,ib-rail1,N01,leaf-02,port5,ok
310,mmf-om4,25.0,C02,dgx-c02-01,ib-rail2,N01,leaf-03,port5,ok
311,mmf-om4,25.0,C02,dgx-c02-01,ib-rail3,N01,leaf-04,port5,ok
312,mmf-om4,25.0,C02,dgx-c02-01,ib-rail4,N02,leaf-05,port5,ok
313,mmf-om4,25.0,C02,dgx-c02-01,ib-rail5,N02,leaf-06,port5,ok
314,mmf-om4,25.0,C02,dgx-c02-01,ib-rail6,N02,leaf-07,port5,ok
315,mmf-om4,25.0,C02,dgx-c02-01,ib-rail7,N02,leaf-08,port5,ok
796,mmf-om4,20.0,C02,dgx-c02-01,ib-storage0,S01,stor-fabric-01,port5,ok
797,mmf-om4,20.0,C02,dgx-c02-01,ib-storage1,S01,stor-fabric-02,port5,ok
868,mmf-om4,20.0,C02,dgx-c02-01,inband0,M01,inband-01,eth5,ok
869,mmf-om4,20.0,C02,dgx-c02-01,inband1,M01,inband-02,eth5,ok
937,cat6a,30.0,C02,dgx-c02-02,bmc,M01,oob-01,eth6,
316,mmf-om4,25.0,C02,dgx-c02-02,ib-rail0,N01,leaf-01,port6,ok
317,mmf-om4,25.0,C02,dgx-c02-02,ib-rail1,N01,leaf-02,port6,ok
318,mmf-om4,25.0,C02,dgx-c02-02,ib-rail2,N01,leaf-03,port6,ok
319,mmf-om4,25.0,C02,dgx-c02-02,ib-rail3,N01,leaf-04,port6,ok
320,mmf-om4,25.0,C02,dgx-c02-02,ib-rail4,N02,leaf-05,port6,ok
321,mmf-om4,25.0,C02,dgx-c02-02,ib-rail5,N02,leaf-06,port6,ok
322,mmf-om4,25.0,C02,dgx-c02-02,ib-rail6,N02,leaf-07,port6,ok
323,mmf-om4,25.0,C02,dgx-c02-02,ib-rail7,N02,leaf-08,port6,ok
798,mmf-om4,20.0,C02,dgx-c02-02,ib-storage0,S01,stor-fabric-01,port6,ok
799,mmf-om4,20.0,C02,dgx-c02-02,ib-storage1,S01,stor-fabric-02,port6,ok
870,mmf-om4,20.0,C02,dgx-c02-02,inband0,M01,inband-01,eth6,ok
871,mmf-om4,20.0,C02,dgx-c02-02,inband1,M01,inband-02,eth6,ok
938,cat6a,30.0,C02,dgx-c02-03,bmc,M01,oob-01,eth7,
324,mmf-om4,25.0,C02,dgx-c02-03,ib-rail0,N01,leaf-01,port7,ok
325,mmf-om4,25.0,C02,dgx-c02-03,ib-rail1,N01,leaf-02,port7,ok
326,mmf-om4,25.0,C02,dgx-c02-03,ib-rail2,N01,leaf-03,port7,ok
327,mmf-om4,25.0,C02,dgx-c02-03,ib-rail3,N01,leaf-04,port7,ok
328,mmf-om4,25.0,C02,dgx-c02-03,ib-rail4,N02,leaf-05,port7,ok
329,mmf-om4,25.0,C02,dgx-c02-03,ib-rail5,N02,leaf-06,port7,ok
330,mmf-om4,25.0,C02,dgx-c02-03,ib-rail6,N02,leaf-07,port7,ok
331,mmf-om4,25.0,C02,dgx-c02-03,ib-rail7,N02,leaf-08,port7,ok
800,mmf-om4,20.0,C02,dgx-c02-03,ib-storage0,S01,stor-fabric-01,port7,ok
801,mmf-om4,20.0,C02,dgx-c02-03,ib-storage1,S01,stor-fabric-02,port7,ok
872,mmf-om4,20.0,C02,dgx-c02-03,inband0,M01,inband-01,eth7,ok
873,mmf-om4,20.0,C02,dgx-c02-03,inband1,M01,inband-02,eth7,ok
939,cat6a,30.0,C02,dgx-c02-04,bmc,M01,oob-01,eth8,
332,mmf-om4,25.0,C02,dgx-c02-04,ib-rail0,N01,leaf-01,port8,ok
333,mmf-om4,25.0,C02,dgx-c02-04,ib-rail1,N01,leaf-02,port8,ok
334,mmf-om4,25.0,C02,dgx-c02-04,ib-rail2,N01,leaf-03,port8,ok
335,mmf-om4,25.0,C02,dgx-c02-04,ib-rail3,N01,leaf-04,port8,ok
336,mmf-om4,25.0,C02,dgx-c02-04,ib-rail4,N02,leaf-05,port8,ok
337,mmf-om4,25.0,C02,dgx-c02-04,ib-rail5,N02,leaf-06,port8,ok
338,mmf-om4,25.0,C02,dgx-c02-04,ib-rail6,N02,leaf-07,port8,ok
339,mmf-om4,25.0,C02,dgx-c02-04,ib-rail7,N02,leaf-08,port8,ok
802,mmf-om4,20.0,C02,dgx-c02-04,ib-storage0,S01,stor-fabric-01,port8,ok
803,mmf-om4,20.0,C02,dgx-c02-04,ib-storage1,S01,stor-fabric-02,port8,ok
874,mmf-om4,20.0,C02,dgx-c02-04,inband0,M01,inband-01,eth8,ok
875,mmf-om4,20.0,C02,dgx-c02-04,inband1,M01,inband-02,eth8,ok
34,power,,C02,pdu-c02-a,outlet1,C02,dgx-c02-01,psu1,
35,power,,C02,pdu-c02-a,outlet2,C02,dgx-c02-01,psu2,
40,power,,C02,pdu-c02-a,outlet3,C02,dgx-c02-02,psu1,
41,power,,C02,pdu-c02-a,outlet4,C02,dgx-c02-02,psu2,
46,power,,C02,pdu-c02-a,outlet5,C02,dgx-c02-03,psu1,
47,power,,C02,pdu-c02-a,outlet6,C02,dgx-c02-03,psu2,
52,power,,C02,pdu-c02-a,outlet7,C02,dgx-c02-04,psu1,
53,power,,C02,pdu-c02-a,outlet8,C02,dgx-c02-04,psu2,
36,power,,C02,pdu-c02-b,outlet1,C02,dgx-c02-01,psu3,
37,power,,C02,pdu-c02-b,outlet2,C02,dgx-c02-01,psu4,
42,power,,C02,pdu-c02-b,outlet3,C02,dgx-c02-02,psu3,
43,power,,C02,pdu-c02-b,outlet4,C02,dgx-c02-02,psu4,
48,power,,C02,pdu-c02-b,outlet5,C02,dgx-c02-03,psu3,
49,power,,C02,pdu-c02-b,outlet6,C02,dgx-c02-03,psu4,
54,power,,C02,pdu-c02-b,outlet7,C02,dgx-c02-04,psu3,
55,power,,C02,pdu-c02-b,outlet8,C02,dgx-c02-04,psu4,
38,power,,C02,pdu-c02-c,outlet1,C02,dgx-c02-01,psu5,
39,power,,C02,pdu-c02-c,outlet2,C02,dgx-c02-01,psu6,
44,power,,C02,pdu-c02-c,outlet3,C02,dgx-c02-02,psu5,
45,power,,C02,pdu-c02-c,outlet4,C02,dgx-c02-02,psu6,
50,power,,C02,pdu-c02-c,outlet5,C02,dgx-c02-03,psu5,
51,power,,C02,pdu-c02-c,outlet6,C02,dgx-c02-03,psu6,
56,power,,C02,pdu-c02-c,outlet7,C02,dgx-c02-04,psu5,
57,power,,C02,pdu-c02-c,outlet8,C02,dgx-c02-04,psu6,
58,power,,C03,(power feed),C03-A,C03,pdu-c03-a,input,
59,power,,C03,(power feed),C03-B,C03,pdu-c03-b,input,
60,power,,C03,(power feed),C03-C,C03,pdu-c03-c,input,
940,cat6a,30.0,C03,dgx-c03-01,bmc,M01,oob-01,eth9,
340,mmf-om4,25.0,C03,dgx-c03-01,ib-rail0,N01,leaf-01,port9,ok
341,mmf-om4,25.0,C03,dgx-c03-01,ib-rail1,N01,leaf-02,port9,ok
342,mmf-om4,25.0,C03,dgx-c03-01,ib-rail2,N01,leaf-03,port9,ok
343,mmf-om4,25.0,C03,dgx-c03-01,ib-rail3,N01,leaf-04,port9,ok
344,mmf-om4,25.0,C03,dgx-c03-01,ib-rail4,N02,leaf-05,port9,ok
345,mmf-om4,25.0,C03,dgx-c03-01,ib-rail5,N02,leaf-06,port9,ok
346,mmf-om4,25.0,C03,dgx-c03-01,ib-rail6,N02,leaf-07,port9,ok
347,mmf-om4,25.0,C03,dgx-c03-01,ib-rail7,N02,leaf-08,port9,ok
804,mmf-om4,20.0,C03,dgx-c03-01,ib-storage0,S01,stor-fabric-01,port9,ok
805,mmf-om4,20.0,C03,dgx-c03-01,ib-storage1,S01,stor-fabric-02,port9,ok
876,mmf-om4,20.0,C03,dgx-c03-01,inband0,M01,inband-01,eth9,ok
877,mmf-om4,20.0,C03,dgx-c03-01,inband1,M01,inband-02,eth9,ok
941,cat6a,30.0,C03,dgx-c03-02,bmc,M01,oob-01,eth10,
348,mmf-om4,25.0,C03,dgx-c03-02,ib-rail0,N01,leaf-01,port10,ok
349,mmf-om4,25.0,C03,dgx-c03-02,ib-rail1,N01,leaf-02,port10,ok
350,mmf-om4,25.0,C03,dgx-c03-02,ib-rail2,N01,leaf-03,port10,ok
351,mmf-om4,25.0,C03,dgx-c03-02,ib-rail3,N01,leaf-04,port10,ok
352,mmf-om4,25.0,C03,dgx-c03-02,ib-rail4,N02,leaf-05,port10,ok
353,mmf-om4,25.0,C03,dgx-c03-02,ib-rail5,N02,leaf-06,port10,ok
354,mmf-om4,25.0,C03,dgx-c03-02,ib-rail6,N02,leaf-07,port10,ok
355,mmf-om4,25.0,C03,dgx-c03-02,ib-rail7,N02,leaf-08,port10,ok
806,mmf-om4,20.0,C03,dgx-c03-02,ib-storage0,S01,stor-fabric-01,port10,ok
807,mmf-om4,20.0,C03,dgx-c03-02,ib-storage1,S01,stor-fabric-02,port10,ok
878,mmf-om4,20.0,C03,dgx-c03-02,inband0,M01,inband-01,eth10,ok
879,mmf-om4,20.0,C03,dgx-c03-02,inband1,M01,inband-02,eth10,ok
942,cat6a,30.0,C03,dgx-c03-03,bmc,M01,oob-01,eth11,
356,mmf-om4,25.0,C03,dgx-c03-03,ib-rail0,N01,leaf-01,port11,ok
357,mmf-om4,25.0,C03,dgx-c03-03,ib-rail1,N01,leaf-02,port11,ok
358,mmf-om4,25.0,C03,dgx-c03-03,ib-rail2,N01,leaf-03,port11,ok
359,mmf-om4,25.0,C03,dgx-c03-03,ib-rail3,N01,leaf-04,port11,ok
360,mmf-om4,25.0,C03,dgx-c03-03,ib-rail4,N02,leaf-05,port11,ok
361,mmf-om4,25.0,C03,dgx-c03-03,ib-rail5,N02,leaf-06,port11,ok
362,mmf-om4,25.0,C03,dgx-c03-03,ib-rail6,N02,leaf-07,port11,ok
363,mmf-om4,25.0,C03,dgx-c03-03,ib-rail7,N02,leaf-08,port11,ok
808,mmf-om4,20.0,C03,dgx-c03-03,ib-storage0,S01,stor-fabric-01,port11,ok
809,mmf-om4,20.0,C03,dgx-c03-03,ib-storage1,S01,stor-fabric-02,port11,ok
880,mmf-om4,20.0,C03,dgx-c03-03,inband0,M01,inband-01,eth11,ok
881,mmf-om4,20.0,C03,dgx-c03-03,inband1,M01,inband-02,eth11,ok
943,cat6a,30.0,C03,dgx-c03-04,bmc,M01,oob-01,eth12,
364,mmf-om4,25.0,C03,dgx-c03-04,ib-rail0,N01,leaf-01,port12,ok
365,mmf-om4,25.0,C03,dgx-c03-04,ib-rail1,N01,leaf-02,port12,ok
366,mmf-om4,25.0,C03,dgx-c03-04,ib-rail2,N01,leaf-03,port12,ok
367,mmf-om4,25.0,C03,dgx-c03-04,ib-rail3,N01,leaf-04,port12,ok
368,mmf-om4,25.0,C03,dgx-c03-04,ib-rail4,N02,leaf-05,port12,ok
369,mmf-om4,25.0,C03,dgx-c03-04,ib-rail5,N02,leaf-06,port12,ok
370,mmf-om4,25.0,C03,dgx-c03-04,ib-rail6,N02,leaf-07,port12,ok
371,mmf-om4,25.0,C03,dgx-c03-04,ib-rail7,N02,leaf-08,port12,ok
810,mmf-om4,20.0,C03,dgx-c03-04,ib-storage0,S01,stor-fabric-01,port12,ok
811,mmf-om4,20.0,C03,dgx-c03-04,ib-storage1,S01,stor-fabric-02,port12,ok
882,mmf-om4,20.0,C03,dgx-c03-04,inband0,M01,inband-01,eth12,ok
883,mmf-om4,20.0,C03,dgx-c03-04,inband1,M01,inband-02,eth12,ok
61,power,,C03,pdu-c03-a,outlet1,C03,dgx-c03-01,psu1,
62,power,,C03,pdu-c03-a,outlet2,C03,dgx-c03-01,psu2,
67,power,,C03,pdu-c03-a,outlet3,C03,dgx-c03-02,psu1,
68,power,,C03,pdu-c03-a,outlet4,C03,dgx-c03-02,psu2,
73,power,,C03,pdu-c03-a,outlet5,C03,dgx-c03-03,psu1,
74,power,,C03,pdu-c03-a,outlet6,C03,dgx-c03-03,psu2,
79,power,,C03,pdu-c03-a,outlet7,C03,dgx-c03-04,psu1,
80,power,,C03,pdu-c03-a,outlet8,C03,dgx-c03-04,psu2,
63,power,,C03,pdu-c03-b,outlet1,C03,dgx-c03-01,psu3,
64,power,,C03,pdu-c03-b,outlet2,C03,dgx-c03-01,psu4,
69,power,,C03,pdu-c03-b,outlet3,C03,dgx-c03-02,psu3,
70,power,,C03,pdu-c03-b,outlet4,C03,dgx-c03-02,psu4,
75,power,,C03,pdu-c03-b,outlet5,C03,dgx-c03-03,psu3,
76,power,,C03,pdu-c03-b,outlet6,C03,dgx-c03-03,psu4,
81,power,,C03,pdu-c03-b,outlet7,C03,dgx-c03-04,psu3,
82,power,,C03,pdu-c03-b,outlet8,C03,dgx-c03-04,psu4,
65,power,,C03,pdu-c03-c,outlet1,C03,dgx-c03-01,psu5,
66,power,,C03,pdu-c03-c,outlet2,C03,dgx-c03-01,psu6,
71,power,,C03,pdu-c03-c,outlet3,C03,dgx-c03-02,psu5,
72,power,,C03,pdu-c03-c,outlet4,C03,dgx-c03-02,psu6,
77,power,,C03,pdu-c03-c,outlet5,C03,dgx-c03-03,psu5,
78,power,,C03,pdu-c03-c,outlet6,C03,dgx-c03-03,psu6,
83,power,,C03,pdu-c03-c,outlet7,C03,dgx-c03-04,psu5,
84,power,,C03,pdu-c03-c,outlet8,C03,dgx-c03-04,psu6,
85,power,,C04,(power feed),C04-A,C04,pdu-c04-a,input,
86,power,,C04,(power feed),C04-B,C04,pdu-c04-b,input,
87,power,,C04,(power feed),C04-C,C04,pdu-c04-c,input,
944,cat6a,30.0,C04,dgx-c04-01,bmc,M01,oob-01,eth13,
372,mmf-om4,25.0,C04,dgx-c04-01,ib-rail0,N01,leaf-01,port13,ok
373,mmf-om4,25.0,C04,dgx-c04-01,ib-rail1,N01,leaf-02,port13,ok
374,mmf-om4,25.0,C04,dgx-c04-01,ib-rail2,N01,leaf-03,port13,ok
375,mmf-om4,25.0,C04,dgx-c04-01,ib-rail3,N01,leaf-04,port13,ok
376,mmf-om4,25.0,C04,dgx-c04-01,ib-rail4,N02,leaf-05,port13,ok
377,mmf-om4,25.0,C04,dgx-c04-01,ib-rail5,N02,leaf-06,port13,ok
378,mmf-om4,25.0,C04,dgx-c04-01,ib-rail6,N02,leaf-07,port13,ok
379,mmf-om4,25.0,C04,dgx-c04-01,ib-rail7,N02,leaf-08,port13,ok
812,mmf-om4,20.0,C04,dgx-c04-01,ib-storage0,S01,stor-fabric-01,port13,ok
813,mmf-om4,20.0,C04,dgx-c04-01,ib-storage1,S01,stor-fabric-02,port13,ok
884,mmf-om4,20.0,C04,dgx-c04-01,inband0,M01,inband-01,eth13,ok
885,mmf-om4,20.0,C04,dgx-c04-01,inband1,M01,inband-02,eth13,ok
945,cat6a,30.0,C04,dgx-c04-02,bmc,M01,oob-01,eth14,
380,mmf-om4,25.0,C04,dgx-c04-02,ib-rail0,N01,leaf-01,port14,ok
381,mmf-om4,25.0,C04,dgx-c04-02,ib-rail1,N01,leaf-02,port14,ok
382,mmf-om4,25.0,C04,dgx-c04-02,ib-rail2,N01,leaf-03,port14,ok
383,mmf-om4,25.0,C04,dgx-c04-02,ib-rail3,N01,leaf-04,port14,ok
384,mmf-om4,25.0,C04,dgx-c04-02,ib-rail4,N02,leaf-05,port14,ok
385,mmf-om4,25.0,C04,dgx-c04-02,ib-rail5,N02,leaf-06,port14,ok
386,mmf-om4,25.0,C04,dgx-c04-02,ib-rail6,N02,leaf-07,port14,ok
387,mmf-om4,25.0,C04,dgx-c04-02,ib-rail7,N02,leaf-08,port14,ok
814,mmf-om4,20.0,C04,dgx-c04-02,ib-storage0,S01,stor-fabric-01,port14,ok
815,mmf-om4,20.0,C04,dgx-c04-02,ib-storage1,S01,stor-fabric-02,port14,ok
886,mmf-om4,20.0,C04,dgx-c04-02,inband0,M01,inband-01,eth14,ok
887,mmf-om4,20.0,C04,dgx-c04-02,inband1,M01,inband-02,eth14,ok
946,cat6a,30.0,C04,dgx-c04-03,bmc,M01,oob-01,eth15,
388,mmf-om4,25.0,C04,dgx-c04-03,ib-rail0,N01,leaf-01,port15,ok
389,mmf-om4,25.0,C04,dgx-c04-03,ib-rail1,N01,leaf-02,port15,ok
390,mmf-om4,25.0,C04,dgx-c04-03,ib-rail2,N01,leaf-03,port15,ok
391,mmf-om4,25.0,C04,dgx-c04-03,ib-rail3,N01,leaf-04,port15,ok
392,mmf-om4,25.0,C04,dgx-c04-03,ib-rail4,N02,leaf-05,port15,ok
393,mmf-om4,25.0,C04,dgx-c04-03,ib-rail5,N02,leaf-06,port15,ok
394,mmf-om4,25.0,C04,dgx-c04-03,ib-rail6,N02,leaf-07,port15,ok
395,mmf-om4,25.0,C04,dgx-c04-03,ib-rail7,N02,leaf-08,port15,ok
816,mmf-om4,20.0,C04,dgx-c04-03,ib-storage0,S01,stor-fabric-01,port15,ok
817,mmf-om4,20.0,C04,dgx-c04-03,ib-storage1,S01,stor-fabric-02,port15,ok
888,mmf-om4,20.0,C04,dgx-c04-03,inband0,M01,inband-01,eth15,ok
889,mmf-om4,20.0,C04,dgx-c04-03,inband1,M01,inband-02,eth15,ok
947,cat6a,30.0,C04,dgx-c04-04,bmc,M01,oob-01,eth16,
396,mmf-om4,25.0,C04,dgx-c04-04,ib-rail0,N01,leaf-01,port16,ok
397,mmf-om4,25.0,C04,dgx-c04-04,ib-rail1,N01,leaf-02,port16,ok
398,mmf-om4,25.0,C04,dgx-c04-04,ib-rail2,N01,leaf-03,port16,ok
399,mmf-om4,25.0,C04,dgx-c04-04,ib-rail3,N01,leaf-04,port16,ok
400,mmf-om4,25.0,C04,dgx-c04-04,ib-rail4,N02,leaf-05,port16,ok
401,mmf-om4,25.0,C04,dgx-c04-04,ib-rail5,N02,leaf-06,port16,ok
402,mmf-om4,25.0,C04,dgx-c04-04,ib-rail6,N02,leaf-07,port16,ok
403,mmf-om4,25.0,C04,dgx-c04-04,ib-rail7,N02,leaf-08,port16,ok
818,mmf-om4,20.0,C04,dgx-c04-04,ib-storage0,S01,stor-fabric-01,port16,ok
819,mmf-om4,20.0,C04,dgx-c04-04,ib-storage1,S01,stor-fabric-02,port16,ok
890,mmf-om4,20.0,C04,dgx-c04-04,inband0,M01,inband-01,eth16,ok
891,mmf-om4,20.0,C04,dgx-c04-04,inband1,M01,inband-02,eth16,ok
88,power,,C04,pdu-c04-a,outlet1,C04,dgx-c04-01,psu1,
89,power,,C04,pdu-c04-a,outlet2,C04,dgx-c04-01,psu2,
94,power,,C04,pdu-c04-a,outlet3,C04,dgx-c04-02,psu1,
95,power,,C04,pdu-c04-a,outlet4,C04,dgx-c04-02,psu2,
100,power,,C04,pdu-c04-a,outlet5,C04,dgx-c04-03,psu1,
101,power,,C04,pdu-c04-a,outlet6,C04,dgx-c04-03,psu2,
106,power,,C04,pdu-c04-a,outlet7,C04,dgx-c04-04,psu1,
107,power,,C04,pdu-c04-a,outlet8,C04,dgx-c04-04,psu2,
90,power,,C04,pdu-c04-b,outlet1,C04,dgx-c04-01,psu3,
91,power,,C04,pdu-c04-b,outlet2,C04,dgx-c04-01,psu4,
96,power,,C04,pdu-c04-b,outlet3,C04,dgx-c04-02,psu3,
97,power,,C04,pdu-c04-b,outlet4,C04,dgx-c04-02,psu4,
102,power,,C04,pdu-c04-b,outlet5,C04,dgx-c04-03,psu3,
103,power,,C04,pdu-c04-b,outlet6,C04,dgx-c04-03,psu4,
108,power,,C04,pdu-c04-b,outlet7,C04,dgx-c04-04,psu3,
109,power,,C04,pdu-c04-b,outlet8,C04,dgx-c04-04,psu4,
92,power,,C04,pdu-c04-c,outlet1,C04,dgx-c04-01,psu5,
93,power,,C04,pdu-c04-c,outlet2,C04,dgx-c04-01,psu6,
98,power,,C04,pdu-c04-c,outlet3,C04,dgx-c04-02,psu5,
99,power,,C04,pdu-c04-c,outlet4,C04,dgx-c04-02,psu6,
104,power,,C04,pdu-c04-c,outlet5,C04,dgx-c04-03,psu5,
105,power,,C04,pdu-c04-c,outlet6,C04,dgx-c04-03,psu6,
110,power,,C04,pdu-c04-c,outlet7,C04,dgx-c04-04,psu5,
111,power,,C04,pdu-c04-c,outlet8,C04,dgx-c04-04,psu6,
112,power,,C05,(power feed),C05-A,C05,pdu-c05-a,input,
113,power,,C05,(power feed),C05-B,C05,pdu-c05-b,input,
114,power,,C05,(power feed),C05-C,C05,pdu-c05-c,input,
948,cat6a,30.0,C05,dgx-c05-01,bmc,M01,oob-01,eth17,
404,mmf-om4,25.0,C05,dgx-c05-01,ib-rail0,N01,leaf-01,port17,ok
405,mmf-om4,25.0,C05,dgx-c05-01,ib-rail1,N01,leaf-02,port17,ok
406,mmf-om4,25.0,C05,dgx-c05-01,ib-rail2,N01,leaf-03,port17,ok
407,mmf-om4,25.0,C05,dgx-c05-01,ib-rail3,N01,leaf-04,port17,ok
408,mmf-om4,25.0,C05,dgx-c05-01,ib-rail4,N02,leaf-05,port17,ok
409,mmf-om4,25.0,C05,dgx-c05-01,ib-rail5,N02,leaf-06,port17,ok
410,mmf-om4,25.0,C05,dgx-c05-01,ib-rail6,N02,leaf-07,port17,ok
411,mmf-om4,25.0,C05,dgx-c05-01,ib-rail7,N02,leaf-08,port17,ok
820,mmf-om4,20.0,C05,dgx-c05-01,ib-storage0,S01,stor-fabric-01,port17,ok
821,mmf-om4,20.0,C05,dgx-c05-01,ib-storage1,S01,stor-fabric-02,port17,ok
892,mmf-om4,20.0,C05,dgx-c05-01,inband0,M01,inband-01,eth17,ok
893,mmf-om4,20.0,C05,dgx-c05-01,inband1,M01,inband-02,eth17,ok
949,cat6a,30.0,C05,dgx-c05-02,bmc,M01,oob-01,eth18,
412,mmf-om4,25.0,C05,dgx-c05-02,ib-rail0,N01,leaf-01,port18,ok
413,mmf-om4,25.0,C05,dgx-c05-02,ib-rail1,N01,leaf-02,port18,ok
414,mmf-om4,25.0,C05,dgx-c05-02,ib-rail2,N01,leaf-03,port18,ok
415,mmf-om4,25.0,C05,dgx-c05-02,ib-rail3,N01,leaf-04,port18,ok
416,mmf-om4,25.0,C05,dgx-c05-02,ib-rail4,N02,leaf-05,port18,ok
417,mmf-om4,25.0,C05,dgx-c05-02,ib-rail5,N02,leaf-06,port18,ok
418,mmf-om4,25.0,C05,dgx-c05-02,ib-rail6,N02,leaf-07,port18,ok
419,mmf-om4,25.0,C05,dgx-c05-02,ib-rail7,N02,leaf-08,port18,ok
822,mmf-om4,20.0,C05,dgx-c05-02,ib-storage0,S01,stor-fabric-01,port18,ok
823,mmf-om4,20.0,C05,dgx-c05-02,ib-storage1,S01,stor-fabric-02,port18,ok
894,mmf-om4,20.0,C05,dgx-c05-02,inband0,M01,inband-01,eth18,ok
895,mmf-om4,20.0,C05,dgx-c05-02,inband1,M01,inband-02,eth18,ok
950,cat6a,30.0,C05,dgx-c05-03,bmc,M01,oob-02,eth1,
420,mmf-om4,25.0,C05,dgx-c05-03,ib-rail0,N01,leaf-01,port19,ok
421,mmf-om4,25.0,C05,dgx-c05-03,ib-rail1,N01,leaf-02,port19,ok
422,mmf-om4,25.0,C05,dgx-c05-03,ib-rail2,N01,leaf-03,port19,ok
423,mmf-om4,25.0,C05,dgx-c05-03,ib-rail3,N01,leaf-04,port19,ok
424,mmf-om4,25.0,C05,dgx-c05-03,ib-rail4,N02,leaf-05,port19,ok
425,mmf-om4,25.0,C05,dgx-c05-03,ib-rail5,N02,leaf-06,port19,ok
426,mmf-om4,25.0,C05,dgx-c05-03,ib-rail6,N02,leaf-07,port19,ok
427,mmf-om4,25.0,C05,dgx-c05-03,ib-rail7,N02,leaf-08,port19,ok
824,mmf-om4,20.0,C05,dgx-c05-03,ib-storage0,S01,stor-fabric-01,port19,ok
825,mmf-om4,20.0,C05,dgx-c05-03,ib-storage1,S01,stor-fabric-02,port19,ok
896,mmf-om4,20.0,C05,dgx-c05-03,inband0,M01,inband-01,eth19,ok
897,mmf-om4,20.0,C05,dgx-c05-03,inband1,M01,inband-02,eth19,ok
951,cat6a,30.0,C05,dgx-c05-04,bmc,M01,oob-02,eth2,
428,mmf-om4,25.0,C05,dgx-c05-04,ib-rail0,N01,leaf-01,port20,ok
429,mmf-om4,25.0,C05,dgx-c05-04,ib-rail1,N01,leaf-02,port20,ok
430,mmf-om4,25.0,C05,dgx-c05-04,ib-rail2,N01,leaf-03,port20,ok
431,mmf-om4,25.0,C05,dgx-c05-04,ib-rail3,N01,leaf-04,port20,ok
432,mmf-om4,25.0,C05,dgx-c05-04,ib-rail4,N02,leaf-05,port20,ok
433,mmf-om4,25.0,C05,dgx-c05-04,ib-rail5,N02,leaf-06,port20,ok
434,mmf-om4,25.0,C05,dgx-c05-04,ib-rail6,N02,leaf-07,port20,ok
435,mmf-om4,25.0,C05,dgx-c05-04,ib-rail7,N02,leaf-08,port20,ok
826,mmf-om4,20.0,C05,dgx-c05-04,ib-storage0,S01,stor-fabric-01,port20,ok
827,mmf-om4,20.0,C05,dgx-c05-04,ib-storage1,S01,stor-fabric-02,port20,ok
898,mmf-om4,20.0,C05,dgx-c05-04,inband0,M01,inband-01,eth20,ok
899,mmf-om4,20.0,C05,dgx-c05-04,inband1,M01,inband-02,eth20,ok
115,power,,C05,pdu-c05-a,outlet1,C05,dgx-c05-01,psu1,
116,power,,C05,pdu-c05-a,outlet2,C05,dgx-c05-01,psu2,
121,power,,C05,pdu-c05-a,outlet3,C05,dgx-c05-02,psu1,
122,power,,C05,pdu-c05-a,outlet4,C05,dgx-c05-02,psu2,
127,power,,C05,pdu-c05-a,outlet5,C05,dgx-c05-03,psu1,
128,power,,C05,pdu-c05-a,outlet6,C05,dgx-c05-03,psu2,
133,power,,C05,pdu-c05-a,outlet7,C05,dgx-c05-04,psu1,
134,power,,C05,pdu-c05-a,outlet8,C05,dgx-c05-04,psu2,
117,power,,C05,pdu-c05-b,outlet1,C05,dgx-c05-01,psu3,
118,power,,C05,pdu-c05-b,outlet2,C05,dgx-c05-01,psu4,
123,power,,C05,pdu-c05-b,outlet3,C05,dgx-c05-02,psu3,
124,power,,C05,pdu-c05-b,outlet4,C05,dgx-c05-02,psu4,
129,power,,C05,pdu-c05-b,outlet5,C05,dgx-c05-03,psu3,
130,power,,C05,pdu-c05-b,outlet6,C05,dgx-c05-03,psu4,
135,power,,C05,pdu-c05-b,outlet7,C05,dgx-c05-04,psu3,
136,power,,C05,pdu-c05-b,outlet8,C05,dgx-c05-04,psu4,
119,power,,C05,pdu-c05-c,outlet1,C05,dgx-c05-01,psu5,
120,power,,C05,pdu-c05-c,outlet2,C05,dgx-c05-01,psu6,
125,power,,C05,pdu-c05-c,outlet3,C05,dgx-c05-02,psu5,
126,power,,C05,pdu-c05-c,outlet4,C05,dgx-c05-02,psu6,
131,power,,C05,pdu-c05-c,outlet5,C05,dgx-c05-03,psu5,
132,power,,C05,pdu-c05-c,outlet6,C05,dgx-c05-03,psu6,
137,power,,C05,pdu-c05-c,outlet7,C05,dgx-c05-04,psu5,
138,power,,C05,pdu-c05-c,outlet8,C05,dgx-c05-04,psu6,
139,power,,C06,(power feed),C06-A,C06,pdu-c06-a,input,
140,power,,C06,(power feed),C06-B,C06,pdu-c06-b,input,
141,power,,C06,(power feed),C06-C,C06,pdu-c06-c,input,
952,cat6a,30.0,C06,dgx-c06-01,bmc,M01,oob-02,eth3,
436,mmf-om4,25.0,C06,dgx-c06-01,ib-rail0,N01,leaf-01,port21,ok
437,mmf-om4,25.0,C06,dgx-c06-01,ib-rail1,N01,leaf-02,port21,ok
438,mmf-om4,25.0,C06,dgx-c06-01,ib-rail2,N01,leaf-03,port21,ok
439,mmf-om4,25.0,C06,dgx-c06-01,ib-rail3,N01,leaf-04,port21,ok
440,mmf-om4,25.0,C06,dgx-c06-01,ib-rail4,N02,leaf-05,port21,ok
441,mmf-om4,25.0,C06,dgx-c06-01,ib-rail5,N02,leaf-06,port21,ok
442,mmf-om4,25.0,C06,dgx-c06-01,ib-rail6,N02,leaf-07,port21,ok
443,mmf-om4,25.0,C06,dgx-c06-01,ib-rail7,N02,leaf-08,port21,ok
828,mmf-om4,20.0,C06,dgx-c06-01,ib-storage0,S01,stor-fabric-01,port21,ok
829,mmf-om4,20.0,C06,dgx-c06-01,ib-storage1,S01,stor-fabric-02,port21,ok
900,mmf-om4,20.0,C06,dgx-c06-01,inband0,M01,inband-01,eth21,ok
901,mmf-om4,20.0,C06,dgx-c06-01,inband1,M01,inband-02,eth21,ok
953,cat6a,30.0,C06,dgx-c06-02,bmc,M01,oob-02,eth4,
444,mmf-om4,25.0,C06,dgx-c06-02,ib-rail0,N01,leaf-01,port22,ok
445,mmf-om4,25.0,C06,dgx-c06-02,ib-rail1,N01,leaf-02,port22,ok
446,mmf-om4,25.0,C06,dgx-c06-02,ib-rail2,N01,leaf-03,port22,ok
447,mmf-om4,25.0,C06,dgx-c06-02,ib-rail3,N01,leaf-04,port22,ok
448,mmf-om4,25.0,C06,dgx-c06-02,ib-rail4,N02,leaf-05,port22,ok
449,mmf-om4,25.0,C06,dgx-c06-02,ib-rail5,N02,leaf-06,port22,ok
450,mmf-om4,25.0,C06,dgx-c06-02,ib-rail6,N02,leaf-07,port22,ok
451,mmf-om4,25.0,C06,dgx-c06-02,ib-rail7,N02,leaf-08,port22,ok
830,mmf-om4,20.0,C06,dgx-c06-02,ib-storage0,S01,stor-fabric-01,port22,ok
831,mmf-om4,20.0,C06,dgx-c06-02,ib-storage1,S01,stor-fabric-02,port22,ok
902,mmf-om4,20.0,C06,dgx-c06-02,inband0,M01,inband-01,eth22,ok
903,mmf-om4,20.0,C06,dgx-c06-02,inband1,M01,inband-02,eth22,ok
954,cat6a,30.0,C06,dgx-c06-03,bmc,M01,oob-02,eth5,
452,mmf-om4,25.0,C06,dgx-c06-03,ib-rail0,N01,leaf-01,port23,ok
453,mmf-om4,25.0,C06,dgx-c06-03,ib-rail1,N01,leaf-02,port23,ok
454,mmf-om4,25.0,C06,dgx-c06-03,ib-rail2,N01,leaf-03,port23,ok
455,mmf-om4,25.0,C06,dgx-c06-03,ib-rail3,N01,leaf-04,port23,ok
456,mmf-om4,25.0,C06,dgx-c06-03,ib-rail4,N02,leaf-05,port23,ok
457,mmf-om4,25.0,C06,dgx-c06-03,ib-rail5,N02,leaf-06,port23,ok
458,mmf-om4,25.0,C06,dgx-c06-03,ib-rail6,N02,leaf-07,port23,ok
459,mmf-om4,25.0,C06,dgx-c06-03,ib-rail7,N02,leaf-08,port23,ok
832,mmf-om4,20.0,C06,dgx-c06-03,ib-storage0,S01,stor-fabric-01,port23,ok
833,mmf-om4,20.0,C06,dgx-c06-03,ib-storage1,S01,stor-fabric-02,port23,ok
904,mmf-om4,20.0,C06,dgx-c06-03,inband0,M01,inband-01,eth23,ok
905,mmf-om4,20.0,C06,dgx-c06-03,inband1,M01,inband-02,eth23,ok
955,cat6a,30.0,C06,dgx-c06-04,bmc,M01,oob-02,eth6,
460,mmf-om4,25.0,C06,dgx-c06-04,ib-rail0,N01,leaf-01,port24,ok
461,mmf-om4,25.0,C06,dgx-c06-04,ib-rail1,N01,leaf-02,port24,ok
462,mmf-om4,25.0,C06,dgx-c06-04,ib-rail2,N01,leaf-03,port24,ok
463,mmf-om4,25.0,C06,dgx-c06-04,ib-rail3,N01,leaf-04,port24,ok
464,mmf-om4,25.0,C06,dgx-c06-04,ib-rail4,N02,leaf-05,port24,ok
465,mmf-om4,25.0,C06,dgx-c06-04,ib-rail5,N02,leaf-06,port24,ok
466,mmf-om4,25.0,C06,dgx-c06-04,ib-rail6,N02,leaf-07,port24,ok
467,mmf-om4,25.0,C06,dgx-c06-04,ib-rail7,N02,leaf-08,port24,ok
834,mmf-om4,20.0,C06,dgx-c06-04,ib-storage0,S01,stor-fabric-01,port24,ok
835,mmf-om4,20.0,C06,dgx-c06-04,ib-storage1,S01,stor-fabric-02,port24,ok
906,mmf-om4,20.0,C06,dgx-c06-04,inband0,M01,inband-01,eth24,ok
907,mmf-om4,20.0,C06,dgx-c06-04,inband1,M01,inband-02,eth24,ok
142,power,,C06,pdu-c06-a,outlet1,C06,dgx-c06-01,psu1,
143,power,,C06,pdu-c06-a,outlet2,C06,dgx-c06-01,psu2,
148,power,,C06,pdu-c06-a,outlet3,C06,dgx-c06-02,psu1,
149,power,,C06,pdu-c06-a,outlet4,C06,dgx-c06-02,psu2,
154,power,,C06,pdu-c06-a,outlet5,C06,dgx-c06-03,psu1,
155,power,,C06,pdu-c06-a,outlet6,C06,dgx-c06-03,psu2,
160,power,,C06,pdu-c06-a,outlet7,C06,dgx-c06-04,psu1,
161,power,,C06,pdu-c06-a,outlet8,C06,dgx-c06-04,psu2,
144,power,,C06,pdu-c06-b,outlet1,C06,dgx-c06-01,psu3,
145,power,,C06,pdu-c06-b,outlet2,C06,dgx-c06-01,psu4,
150,power,,C06,pdu-c06-b,outlet3,C06,dgx-c06-02,psu3,
151,power,,C06,pdu-c06-b,outlet4,C06,dgx-c06-02,psu4,
156,power,,C06,pdu-c06-b,outlet5,C06,dgx-c06-03,psu3,
157,power,,C06,pdu-c06-b,outlet6,C06,dgx-c06-03,psu4,
162,power,,C06,pdu-c06-b,outlet7,C06,dgx-c06-04,psu3,
163,power,,C06,pdu-c06-b,outlet8,C06,dgx-c06-04,psu4,
146,power,,C06,pdu-c06-c,outlet1,C06,dgx-c06-01,psu5,
147,power,,C06,pdu-c06-c,outlet2,C06,dgx-c06-01,psu6,
152,power,,C06,pdu-c06-c,outlet3,C06,dgx-c06-02,psu5,
153,power,,C06,pdu-c06-c,outlet4,C06,dgx-c06-02,psu6,
158,power,,C06,pdu-c06-c,outlet5,C06,dgx-c06-03,psu5,
159,power,,C06,pdu-c06-c,outlet6,C06,dgx-c06-03,psu6,
164,power,,C06,pdu-c06-c,outlet7,C06,dgx-c06-04,psu5,
165,power,,C06,pdu-c06-c,outlet8,C06,dgx-c06-04,psu6,
166,power,,C07,(power feed),C07-A,C07,pdu-c07-a,input,
167,power,,C07,(power feed),C07-B,C07,pdu-c07-b,input,
168,power,,C07,(power feed),C07-C,C07,pdu-c07-c,input,
956,cat6a,30.0,C07,dgx-c07-01,bmc,M01,oob-02,eth7,
468,mmf-om4,25.0,C07,dgx-c07-01,ib-rail0,N01,leaf-01,port25,ok
469,mmf-om4,25.0,C07,dgx-c07-01,ib-rail1,N01,leaf-02,port25,ok
470,mmf-om4,25.0,C07,dgx-c07-01,ib-rail2,N01,leaf-03,port25,ok
471,mmf-om4,25.0,C07,dgx-c07-01,ib-rail3,N01,leaf-04,port25,ok
472,mmf-om4,25.0,C07,dgx-c07-01,ib-rail4,N02,leaf-05,port25,ok
473,mmf-om4,25.0,C07,dgx-c07-01,ib-rail5,N02,leaf-06,port25,ok
474,mmf-om4,25.0,C07,dgx-c07-01,ib-rail6,N02,leaf-07,port25,ok
475,mmf-om4,25.0,C07,dgx-c07-01,ib-rail7,N02,leaf-08,port25,ok
836,mmf-om4,20.0,C07,dgx-c07-01,ib-storage0,S01,stor-fabric-01,port25,ok
837,mmf-om4,20.0,C07,dgx-c07-01,ib-storage1,S01,stor-fabric-02,port25,ok
908,mmf-om4,20.0,C07,dgx-c07-01,inband0,M01,inband-01,eth25,ok
909,mmf-om4,20.0,C07,dgx-c07-01,inband1,M01,inband-02,eth25,ok
957,cat6a,30.0,C07,dgx-c07-02,bmc,M01,oob-02,eth8,
476,mmf-om4,25.0,C07,dgx-c07-02,ib-rail0,N01,leaf-01,port26,ok
477,mmf-om4,25.0,C07,dgx-c07-02,ib-rail1,N01,leaf-02,port26,ok
478,mmf-om4,25.0,C07,dgx-c07-02,ib-rail2,N01,leaf-03,port26,ok
479,mmf-om4,25.0,C07,dgx-c07-02,ib-rail3,N01,leaf-04,port26,ok
480,mmf-om4,25.0,C07,dgx-c07-02,ib-rail4,N02,leaf-05,port26,ok
481,mmf-om4,25.0,C07,dgx-c07-02,ib-rail5,N02,leaf-06,port26,ok
482,mmf-om4,25.0,C07,dgx-c07-02,ib-rail6,N02,leaf-07,port26,ok
483,mmf-om4,25.0,C07,dgx-c07-02,ib-rail7,N02,leaf-08,port26,ok
838,mmf-om4,20.0,C07,dgx-c07-02,ib-storage0,S01,stor-fabric-01,port26,ok
839,mmf-om4,20.0,C07,dgx-c07-02,ib-storage1,S01,stor-fabric-02,port26,ok
910,mmf-om4,20.0,C07,dgx-c07-02,inband0,M01,inband-01,eth26,ok
911,mmf-om4,20.0,C07,dgx-c07-02,inband1,M01,inband-02,eth26,ok
958,cat6a,30.0,C07,dgx-c07-03,bmc,M01,oob-02,eth9,
484,mmf-om4,25.0,C07,dgx-c07-03,ib-rail0,N01,leaf-01,port27,ok
485,mmf-om4,25.0,C07,dgx-c07-03,ib-rail1,N01,leaf-02,port27,ok
486,mmf-om4,25.0,C07,dgx-c07-03,ib-rail2,N01,leaf-03,port27,ok
487,mmf-om4,25.0,C07,dgx-c07-03,ib-rail3,N01,leaf-04,port27,ok
488,mmf-om4,25.0,C07,dgx-c07-03,ib-rail4,N02,leaf-05,port27,ok
489,mmf-om4,25.0,C07,dgx-c07-03,ib-rail5,N02,leaf-06,port27,ok
490,mmf-om4,25.0,C07,dgx-c07-03,ib-rail6,N02,leaf-07,port27,ok
491,mmf-om4,25.0,C07,dgx-c07-03,ib-rail7,N02,leaf-08,port27,ok
840,mmf-om4,20.0,C07,dgx-c07-03,ib-storage0,S01,stor-fabric-01,port27,ok
841,mmf-om4,20.0,C07,dgx-c07-03,ib-storage1,S01,stor-fabric-02,port27,ok
912,mmf-om4,20.0,C07,dgx-c07-03,inband0,M01,inband-01,eth27,ok
913,mmf-om4,20.0,C07,dgx-c07-03,inband1,M01,inband-02,eth27,ok
959,cat6a,30.0,C07,dgx-c07-04,bmc,M01,oob-02,eth10,
492,mmf-om4,25.0,C07,dgx-c07-04,ib-rail0,N01,leaf-01,port28,ok
493,mmf-om4,25.0,C07,dgx-c07-04,ib-rail1,N01,leaf-02,port28,ok
494,mmf-om4,25.0,C07,dgx-c07-04,ib-rail2,N01,leaf-03,port28,ok
495,mmf-om4,25.0,C07,dgx-c07-04,ib-rail3,N01,leaf-04,port28,ok
496,mmf-om4,25.0,C07,dgx-c07-04,ib-rail4,N02,leaf-05,port28,ok
497,mmf-om4,25.0,C07,dgx-c07-04,ib-rail5,N02,leaf-06,port28,ok
498,mmf-om4,25.0,C07,dgx-c07-04,ib-rail6,N02,leaf-07,port28,ok
499,mmf-om4,25.0,C07,dgx-c07-04,ib-rail7,N02,leaf-08,port28,ok
842,mmf-om4,20.0,C07,dgx-c07-04,ib-storage0,S01,stor-fabric-01,port28,ok
843,mmf-om4,20.0,C07,dgx-c07-04,ib-storage1,S01,stor-fabric-02,port28,ok
914,mmf-om4,20.0,C07,dgx-c07-04,inband0,M01,inband-01,eth28,ok
915,mmf-om4,20.0,C07,dgx-c07-04,inband1,M01,inband-02,eth28,ok
169,power,,C07,pdu-c07-a,outlet1,C07,dgx-c07-01,psu1,
170,power,,C07,pdu-c07-a,outlet2,C07,dgx-c07-01,psu2,
175,power,,C07,pdu-c07-a,outlet3,C07,dgx-c07-02,psu1,
176,power,,C07,pdu-c07-a,outlet4,C07,dgx-c07-02,psu2,
181,power,,C07,pdu-c07-a,outlet5,C07,dgx-c07-03,psu1,
182,power,,C07,pdu-c07-a,outlet6,C07,dgx-c07-03,psu2,
187,power,,C07,pdu-c07-a,outlet7,C07,dgx-c07-04,psu1,
188,power,,C07,pdu-c07-a,outlet8,C07,dgx-c07-04,psu2,
171,power,,C07,pdu-c07-b,outlet1,C07,dgx-c07-01,psu3,
172,power,,C07,pdu-c07-b,outlet2,C07,dgx-c07-01,psu4,
177,power,,C07,pdu-c07-b,outlet3,C07,dgx-c07-02,psu3,
178,power,,C07,pdu-c07-b,outlet4,C07,dgx-c07-02,psu4,
183,power,,C07,pdu-c07-b,outlet5,C07,dgx-c07-03,psu3,
184,power,,C07,pdu-c07-b,outlet6,C07,dgx-c07-03,psu4,
189,power,,C07,pdu-c07-b,outlet7,C07,dgx-c07-04,psu3,
190,power,,C07,pdu-c07-b,outlet8,C07,dgx-c07-04,psu4,
173,power,,C07,pdu-c07-c,outlet1,C07,dgx-c07-01,psu5,
174,power,,C07,pdu-c07-c,outlet2,C07,dgx-c07-01,psu6,
179,power,,C07,pdu-c07-c,outlet3,C07,dgx-c07-02,psu5,
180,power,,C07,pdu-c07-c,outlet4,C07,dgx-c07-02,psu6,
185,power,,C07,pdu-c07-c,outlet5,C07,dgx-c07-03,psu5,
186,power,,C07,pdu-c07-c,outlet6,C07,dgx-c07-03,psu6,
191,power,,C07,pdu-c07-c,outlet7,C07,dgx-c07-04,psu5,
192,power,,C07,pdu-c07-c,outlet8,C07,dgx-c07-04,psu6,
193,power,,C08,(power feed),C08-A,C08,pdu-c08-a,input,
194,power,,C08,(power feed),C08-B,C08,pdu-c08-b,input,
195,power,,C08,(power feed),C08-C,C08,pdu-c08-c,input,
960,cat6a,30.0,C08,dgx-c08-01,bmc,M01,oob-02,eth11,
500,mmf-om4,25.0,C08,dgx-c08-01,ib-rail0,N01,leaf-01,port29,ok
501,mmf-om4,25.0,C08,dgx-c08-01,ib-rail1,N01,leaf-02,port29,ok
502,mmf-om4,25.0,C08,dgx-c08-01,ib-rail2,N01,leaf-03,port29,ok
503,mmf-om4,25.0,C08,dgx-c08-01,ib-rail3,N01,leaf-04,port29,ok
504,mmf-om4,25.0,C08,dgx-c08-01,ib-rail4,N02,leaf-05,port29,ok
505,mmf-om4,25.0,C08,dgx-c08-01,ib-rail5,N02,leaf-06,port29,ok
506,mmf-om4,25.0,C08,dgx-c08-01,ib-rail6,N02,leaf-07,port29,ok
507,mmf-om4,25.0,C08,dgx-c08-01,ib-rail7,N02,leaf-08,port29,ok
844,mmf-om4,20.0,C08,dgx-c08-01,ib-storage0,S01,stor-fabric-01,port29,ok
845,mmf-om4,20.0,C08,dgx-c08-01,ib-storage1,S01,stor-fabric-02,port29,ok
916,mmf-om4,20.0,C08,dgx-c08-01,inband0,M01,inband-01,eth29,ok
917,mmf-om4,20.0,C08,dgx-c08-01,inband1,M01,inband-02,eth29,ok
961,cat6a,30.0,C08,dgx-c08-02,bmc,M01,oob-02,eth12,
508,mmf-om4,25.0,C08,dgx-c08-02,ib-rail0,N01,leaf-01,port30,ok
509,mmf-om4,25.0,C08,dgx-c08-02,ib-rail1,N01,leaf-02,port30,ok
510,mmf-om4,25.0,C08,dgx-c08-02,ib-rail2,N01,leaf-03,port30,ok
511,mmf-om4,25.0,C08,dgx-c08-02,ib-rail3,N01,leaf-04,port30,ok
512,mmf-om4,25.0,C08,dgx-c08-02,ib-rail4,N02,leaf-05,port30,ok
513,mmf-om4,25.0,C08,dgx-c08-02,ib-rail5,N02,leaf-06,port30,ok
514,mmf-om4,25.0,C08,dgx-c08-02,ib-rail6,N02,leaf-07,port30,ok
515,mmf-om4,25.0,C08,dgx-c08-02,ib-rail7,N02,leaf-08,port30,ok
846,mmf-om4,20.0,C08,dgx-c08-02,ib-storage0,S01,stor-fabric-01,port30,ok
847,mmf-om4,20.0,C08,dgx-c08-02,ib-storage1,S01,stor-fabric-02,port30,ok
918,mmf-om4,20.0,C08,dgx-c08-02,inband0,M01,inband-01,eth30,ok
919,mmf-om4,20.0,C08,dgx-c08-02,inband1,M01,inband-02,eth30,ok
962,cat6a,30.0,C08,dgx-c08-03,bmc,M01,oob-02,eth13,
516,mmf-om4,25.0,C08,dgx-c08-03,ib-rail0,N01,leaf-01,port31,ok
517,mmf-om4,25.0,C08,dgx-c08-03,ib-rail1,N01,leaf-02,port31,ok
518,mmf-om4,25.0,C08,dgx-c08-03,ib-rail2,N01,leaf-03,port31,ok
519,mmf-om4,25.0,C08,dgx-c08-03,ib-rail3,N01,leaf-04,port31,ok
520,mmf-om4,25.0,C08,dgx-c08-03,ib-rail4,N02,leaf-05,port31,ok
521,mmf-om4,25.0,C08,dgx-c08-03,ib-rail5,N02,leaf-06,port31,ok
522,mmf-om4,25.0,C08,dgx-c08-03,ib-rail6,N02,leaf-07,port31,ok
523,mmf-om4,25.0,C08,dgx-c08-03,ib-rail7,N02,leaf-08,port31,ok
848,mmf-om4,20.0,C08,dgx-c08-03,ib-storage0,S01,stor-fabric-01,port31,ok
849,mmf-om4,20.0,C08,dgx-c08-03,ib-storage1,S01,stor-fabric-02,port31,ok
920,mmf-om4,20.0,C08,dgx-c08-03,inband0,M01,inband-01,eth31,ok
921,mmf-om4,20.0,C08,dgx-c08-03,inband1,M01,inband-02,eth31,ok
963,cat6a,30.0,C08,dgx-c08-04,bmc,M01,oob-02,eth14,
524,mmf-om4,25.0,C08,dgx-c08-04,ib-rail0,N01,leaf-01,port32,ok
525,mmf-om4,25.0,C08,dgx-c08-04,ib-rail1,N01,leaf-02,port32,ok
526,mmf-om4,25.0,C08,dgx-c08-04,ib-rail2,N01,leaf-03,port32,ok
527,mmf-om4,25.0,C08,dgx-c08-04,ib-rail3,N01,leaf-04,port32,ok
528,mmf-om4,25.0,C08,dgx-c08-04,ib-rail4,N02,leaf-05,port32,ok
529,mmf-om4,25.0,C08,dgx-c08-04,ib-rail5,N02,leaf-06,port32,ok
530,mmf-om4,25.0,C08,dgx-c08-04,ib-rail6,N02,leaf-07,port32,ok
531,mmf-om4,25.0,C08,dgx-c08-04,ib-rail7,N02,leaf-08,port32,ok
850,mmf-om4,20.0,C08,dgx-c08-04,ib-storage0,S01,stor-fabric-01,port32,ok
851,mmf-om4,20.0,C08,dgx-c08-04,ib-storage1,S01,stor-fabric-02,port32,ok
922,mmf-om4,20.0,C08,dgx-c08-04,inband0,M01,inband-01,eth32,ok
923,mmf-om4,20.0,C08,dgx-c08-04,inband1,M01,inband-02,eth32,ok
196,power,,C08,pdu-c08-a,outlet1,C08,dgx-c08-01,psu1,
197,power,,C08,pdu-c08-a,outlet2,C08,dgx-c08-01,psu2,
202,power,,C08,pdu-c08-a,outlet3,C08,dgx-c08-02,psu1,
203,power,,C08,pdu-c08-a,outlet4,C08,dgx-c08-02,psu2,
208,power,,C08,pdu-c08-a,outlet5,C08,dgx-c08-03,psu1,
209,power,,C08,pdu-c08-a,outlet6,C08,dgx-c08-03,psu2,
214,power,,C08,pdu-c08-a,outlet7,C08,dgx-c08-04,psu1,
215,power,,C08,pdu-c08-a,outlet8,C08,dgx-c08-04,psu2,
198,power,,C08,pdu-c08-b,outlet1,C08,dgx-c08-01,psu3,
199,power,,C08,pdu-c08-b,outlet2,C08,dgx-c08-01,psu4,
204,power,,C08,pdu-c08-b,outlet3,C08,dgx-c08-02,psu3,
205,power,,C08,pdu-c08-b,outlet4,C08,dgx-c08-02,psu4,
210,power,,C08,pdu-c08-b,outlet5,C08,dgx-c08-03,psu3,
211,power,,C08,pdu-c08-b,outlet6,C08,dgx-c08-03,psu4,
216,power,,C08,pdu-c08-b,outlet7,C08,dgx-c08-04,psu3,
217,power,,C08,pdu-c08-b,outlet8,C08,dgx-c08-04,psu4,
200,power,,C08,pdu-c08-c,outlet1,C08,dgx-c08-01,psu5,
201,power,,C08,pdu-c08-c,outlet2,C08,dgx-c08-01,psu6,
206,power,,C08,pdu-c08-c,outlet3,C08,dgx-c08-02,psu5,
207,power,,C08,pdu-c08-c,outlet4,C08,dgx-c08-02,psu6,
212,power,,C08,pdu-c08-c,outlet5,C08,dgx-c08-03,psu5,
213,power,,C08,pdu-c08-c,outlet6,C08,dgx-c08-03,psu6,
218,power,,C08,pdu-c08-c,outlet7,C08,dgx-c08-04,psu5,
219,power,,C08,pdu-c08-c,outlet8,C08,dgx-c08-04,psu6,
250,power,,M01,(power feed),M01-A,M01,pdu-m01-a,input,
251,power,,M01,(power feed),M01-B,M01,pdu-m01-b,input,
252,power,,M01,(power feed),M01-C,M01,pdu-m01-c,input,
253,power,,M01,pdu-m01-a,outlet1,M01,inband-01,psu1,
258,power,,M01,pdu-m01-a,outlet2,M01,oob-01,psu2,
259,power,,M01,pdu-m01-a,outlet3,M01,oob-02,psu1,
254,power,,M01,pdu-m01-b,outlet1,M01,inband-01,psu2,
255,power,,M01,pdu-m01-b,outlet2,M01,inband-02,psu1,
260,power,,M01,pdu-m01-b,outlet3,M01,oob-02,psu2,
256,power,,M01,pdu-m01-c,outlet1,M01,inband-02,psu2,
257,power,,M01,pdu-m01-c,outlet2,M01,oob-01,psu1,
220,power,,N01,(power feed),N01-A,N01,pdu-n01-a,input,
221,power,,N01,(power feed),N01-B,N01,pdu-n01-b,input,
222,power,,N01,(power feed),N01-C,N01,pdu-n01-c,input,
532,aoc,5.0,N01,leaf-01,port33,N01,spine-01,port1,
533,aoc,5.0,N01,leaf-01,port34,N01,spine-01,port2,
534,aoc,5.0,N01,leaf-01,port35,N01,spine-01,port3,
535,aoc,5.0,N01,leaf-01,port36,N01,spine-01,port4,
536,aoc,5.0,N01,leaf-01,port37,N01,spine-01,port5,
537,aoc,5.0,N01,leaf-01,port38,N01,spine-01,port6,
538,aoc,5.0,N01,leaf-01,port39,N01,spine-01,port7,
539,aoc,5.0,N01,leaf-01,port40,N01,spine-01,port8,
540,aoc,5.0,N01,leaf-01,port41,N01,spine-02,port1,
541,aoc,5.0,N01,leaf-01,port42,N01,spine-02,port2,
542,aoc,5.0,N01,leaf-01,port43,N01,spine-02,port3,
543,aoc,5.0,N01,leaf-01,port44,N01,spine-02,port4,
544,aoc,5.0,N01,leaf-01,port45,N01,spine-02,port5,
545,aoc,5.0,N01,leaf-01,port46,N01,spine-02,port6,
546,aoc,5.0,N01,leaf-01,port47,N01,spine-02,port7,
547,aoc,5.0,N01,leaf-01,port48,N01,spine-02,port8,
548,aoc,5.0,N01,leaf-01,port49,N02,spine-03,port1,
549,aoc,5.0,N01,leaf-01,port50,N02,spine-03,port2,
550,aoc,5.0,N01,leaf-01,port51,N02,spine-03,port3,
551,aoc,5.0,N01,leaf-01,port52,N02,spine-03,port4,
552,aoc,5.0,N01,leaf-01,port53,N02,spine-03,port5,
553,aoc,5.0,N01,leaf-01,port54,N02,spine-03,port6,
554,aoc,5.0,N01,leaf-01,port55,N02,spine-03,port7,
555,aoc,5.0,N01,leaf-01,port56,N02,spine-03,port8,
556,aoc,5.0,N01,leaf-01,port57,N02,spine-04,port1,
557,aoc,5.0,N01,leaf-01,port58,N02,spine-04,port2,
558,aoc,5.0,N01,leaf-01,port59,N02,spine-04,port3,
559,aoc,5.0,N01,leaf-01,port60,N02,spine-04,port4,
560,aoc,5.0,N01,leaf-01,port61,N02,spine-04,port5,
561,aoc,5.0,N01,leaf-01,port62,N02,spine-04,port6,
562,aoc,5.0,N01,leaf-01,port63,N02,spine-04,port7,
563,aoc,5.0,N01,leaf-01,port64,N02,spine-04,port8,
564,aoc,5.0,N01,leaf-02,port33,N01,spine-01,port9,
565,aoc,5.0,N01,leaf-02,port34,N01,spine-01,port10,
566,aoc,5.0,N01,leaf-02,port35,N01,spine-01,port11,
567,aoc,5.0,N01,leaf-02,port36,N01,spine-01,port12,
568,aoc,5.0,N01,leaf-02,port37,N01,spine-01,port13,
569,aoc,5.0,N01,leaf-02,port38,N01,spine-01,port14,
570,aoc,5.0,N01,leaf-02,port39,N01,spine-01,port15,
571,aoc,5.0,N01,leaf-02,port40,N01,spine-01,port16,
572,aoc,5.0,N01,leaf-02,port41,N01,spine-02,port9,
573,aoc,5.0,N01,leaf-02,port42,N01,spine-02,port10,
574,aoc,5.0,N01,leaf-02,port43,N01,spine-02,port11,
575,aoc,5.0,N01,leaf-02,port44,N01,spine-02,port12,
576,aoc,5.0,N01,leaf-02,port45,N01,spine-02,port13,
577,aoc,5.0,N01,leaf-02,port46,N01,spine-02,port14,
578,aoc,5.0,N01,leaf-02,port47,N01,spine-02,port15,
579,aoc,5.0,N01,leaf-02,port48,N01,spine-02,port16,
580,aoc,5.0,N01,leaf-02,port49,N02,spine-03,port9,
581,aoc,5.0,N01,leaf-02,port50,N02,spine-03,port10,
582,aoc,5.0,N01,leaf-02,port51,N02,spine-03,port11,
583,aoc,5.0,N01,leaf-02,port52,N02,spine-03,port12,
584,aoc,5.0,N01,leaf-02,port53,N02,spine-03,port13,
585,aoc,5.0,N01,leaf-02,port54,N02,spine-03,port14,
586,aoc,5.0,N01,leaf-02,port55,N02,spine-03,port15,
587,aoc,5.0,N01,leaf-02,port56,N02,spine-03,port16,
588,aoc,5.0,N01,leaf-02,port57,N02,spine-04,port9,
589,aoc,5.0,N01,leaf-02,port58,N02,spine-04,port10,
590,aoc,5.0,N01,leaf-02,port59,N02,spine-04,port11,
591,aoc,5.0,N01,leaf-02,port60,N02,spine-04,port12,
592,aoc,5.0,N01,leaf-02,port61,N02,spine-04,port13,
593,aoc,5.0,N01,leaf-02,port62,N02,spine-04,port14,
594,aoc,5.0,N01,leaf-02,port63,N02,spine-04,port15,
595,aoc,5.0,N01,leaf-02,port64,N02,spine-04,port16,
596,aoc,5.0,N01,leaf-03,port33,N01,spine-01,port17,
597,aoc,5.0,N01,leaf-03,port34,N01,spine-01,port18,
598,aoc,5.0,N01,leaf-03,port35,N01,spine-01,port19,
599,aoc,5.0,N01,leaf-03,port36,N01,spine-01,port20,
600,aoc,5.0,N01,leaf-03,port37,N01,spine-01,port21,
601,aoc,5.0,N01,leaf-03,port38,N01,spine-01,port22,
602,aoc,5.0,N01,leaf-03,port39,N01,spine-01,port23,
603,aoc,5.0,N01,leaf-03,port40,N01,spine-01,port24,
604,aoc,5.0,N01,leaf-03,port41,N01,spine-02,port17,
605,aoc,5.0,N01,leaf-03,port42,N01,spine-02,port18,
606,aoc,5.0,N01,leaf-03,port43,N01,spine-02,port19,
607,aoc,5.0,N01,leaf-03,port44,N01,spine-02,port20,
608,aoc,5.0,N01,leaf-03,port45,N01,spine-02,port21,
609,aoc,5.0,N01,leaf-03,port46,N01,spine-02,port22,
610,aoc,5.0,N01,leaf-03,port47,N01,spine-02,port23,
611,aoc,5.0,N01,leaf-03,port48,N01,spine-02,port24,
612,aoc,5.0,N01,leaf-03,port49,N02,spine-03,port17,
613,aoc,5.0,N01,leaf-03,port50,N02,spine-03,port18,
614,aoc,5.0,N01,leaf-03,port51,N02,spine-03,port19,
615,aoc,5.0,N01,leaf-03,port52,N02,spine-03,port20,
616,aoc,5.0,N01,leaf-03,port53,N02,spine-03,port21,
617,aoc,5.0,N01,leaf-03,port54,N02,spine-03,port22,
618,aoc,5.0,N01,leaf-03,port55,N02,spine-03,port23,
619,aoc,5.0,N01,leaf-03,port56,N02,spine-03,port24,
620,aoc,5.0,N01,leaf-03,port57,N02,spine-04,port17,
621,aoc,5.0,N01,leaf-03,port58,N02,spine-04,port18,
622,aoc,5.0,N01,leaf-03,port59,N02,spine-04,port19,
623,aoc,5.0,N01,leaf-03,port60,N02,spine-04,port20,
624,aoc,5.0,N01,leaf-03,port61,N02,spine-04,port21,
625,aoc,5.0,N01,leaf-03,port62,N02,spine-04,port22,
626,aoc,5.0,N01,leaf-03,port63,N02,spine-04,port23,
627,aoc,5.0,N01,leaf-03,port64,N02,spine-04,port24,
628,aoc,5.0,N01,leaf-04,port33,N01,spine-01,port25,
629,aoc,5.0,N01,leaf-04,port34,N01,spine-01,port26,
630,aoc,5.0,N01,leaf-04,port35,N01,spine-01,port27,
631,aoc,5.0,N01,leaf-04,port36,N01,spine-01,port28,
632,aoc,5.0,N01,leaf-04,port37,N01,spine-01,port29,
633,aoc,5.0,N01,leaf-04,port38,N01,spine-01,port30,
634,aoc,5.0,N01,leaf-04,port39,N01,spine-01,port31,
635,aoc,5.0,N01,leaf-04,port40,N01,spine-01,port32,
636,aoc,5.0,N01,leaf-04,port41,N01,spine-02,port25,
637,aoc,5.0,N01,leaf-04,port42,N01,spine-02,port26,
638,aoc,5.0,N01,leaf-04,port43,N01,spine-02,port27,
639,aoc,5.0,N01,leaf-04,port44,N01,spine-02,port28,
640,aoc,5.0,N01,leaf-04,port45,N01,spine-02,port29,
641,aoc,5.0,N01,leaf-04,port46,N01,spine-02,port30,
642,aoc,5.0,N01,leaf-04,port47,N01,spine-02,port31,
643,aoc,5.0,N01,leaf-04,port48,N01,spine-02,port32,
644,aoc,5.0,N01,leaf-04,port49,N02,spine-03,port25,
645,aoc,5.0,N01,leaf-04,port50,N02,spine-03,port26,
646,aoc,5.0,N01,leaf-04,port51,N02,spine-03,port27,
647,aoc,5.0,N01,leaf-04,port52,N02,spine-03,port28,
648,aoc,5.0,N01,leaf-04,port53,N02,spine-03,port29,
649,aoc,5.0,N01,leaf-04,port54,N02,spine-03,port30,
650,aoc,5.0,N01,leaf-04,port55,N02,spine-03,port31,
651,aoc,5.0,N01,leaf-04,port56,N02,spine-03,port32,
652,aoc,5.0,N01,leaf-04,port57,N02,spine-04,port25,
653,aoc,5.0,N01,leaf-04,port58,N02,spine-04,port26,
654,aoc,5.0,N01,leaf-04,port59,N02,spine-04,port27,
655,aoc,5.0,N01,leaf-04,port60,N02,spine-04,port28,
656,aoc,5.0,N01,leaf-04,port61,N02,spine-04,port29,
657,aoc,5.0,N01,leaf-04,port62,N02,spine-04,port30,
658,aoc,5.0,N01,leaf-04,port63,N02,spine-04,port31,
659,aoc,5.0,N01,leaf-04,port64,N02,spine-04,port32,
223,power,,N01,pdu-n01-a,outlet1,N01,leaf-01,psu1,
228,power,,N01,pdu-n01-a,outlet2,N01,leaf-03,psu2,
229,power,,N01,pdu-n01-a,outlet3,N01,leaf-04,psu1,
234,power,,N01,pdu-n01-a,outlet4,N01,spine-02,psu2,
224,power,,N01,pdu-n01-b,outlet1,N01,leaf-01,psu2,
225,power,,N01,pdu-n01-b,outlet2,N01,leaf-02,psu1,
230,power,,N01,pdu-n01-b,outlet3,N01,leaf-04,psu2,
231,power,,N01,pdu-n01-b,outlet4,N01,spine-01,psu1,
226,power,,N01,pdu-n01-c,outlet1,N01,leaf-02,psu2,
227,power,,N01,pdu-n01-c,outlet2,N01,leaf-03,psu1,
232,power,,N01,pdu-n01-c,outlet3,N01,spine-01,psu2,
233,power,,N01,pdu-n01-c,outlet4,N01,spine-02,psu1,
235,power,,N02,(power feed),N02-A,N02,pdu-n02-a,input,
236,power,,N02,(power feed),N02-B,N02,pdu-n02-b,input,
237,power,,N02,(power feed),N02-C,N02,pdu-n02-c,input,
660,aoc,5.0,N02,leaf-05,port33,N01,spine-01,port33,
661,aoc,5.0,N02,leaf-05,port34,N01,spine-01,port34,
662,aoc,5.0,N02,leaf-05,port35,N01,spine-01,port35,
663,aoc,5.0,N02,leaf-05,port36,N01,spine-01,port36,
664,aoc,5.0,N02,leaf-05,port37,N01,spine-01,port37,
665,aoc,5.0,N02,leaf-05,port38,N01,spine-01,port38,
666,aoc,5.0,N02,leaf-05,port39,N01,spine-01,port39,
667,aoc,5.0,N02,leaf-05,port40,N01,spine-01,port40,
668,aoc,5.0,N02,leaf-05,port41,N01,spine-02,port33,
669,aoc,5.0,N02,leaf-05,port42,N01,spine-02,port34,
670,aoc,5.0,N02,leaf-05,port43,N01,spine-02,port35,
671,aoc,5.0,N02,leaf-05,port44,N01,spine-02,port36,
672,aoc,5.0,N02,leaf-05,port45,N01,spine-02,port37,
673,aoc,5.0,N02,leaf-05,port46,N01,spine-02,port38,
674,aoc,5.0,N02,leaf-05,port47,N01,spine-02,port39,
675,aoc,5.0,N02,leaf-05,port48,N01,spine-02,port40,
676,aoc,5.0,N02,leaf-05,port49,N02,spine-03,port33,
677,aoc,5.0,N02,leaf-05,port50,N02,spine-03,port34,
678,aoc,5.0,N02,leaf-05,port51,N02,spine-03,port35,
679,aoc,5.0,N02,leaf-05,port52,N02,spine-03,port36,
680,aoc,5.0,N02,leaf-05,port53,N02,spine-03,port37,
681,aoc,5.0,N02,leaf-05,port54,N02,spine-03,port38,
682,aoc,5.0,N02,leaf-05,port55,N02,spine-03,port39,
683,aoc,5.0,N02,leaf-05,port56,N02,spine-03,port40,
684,aoc,5.0,N02,leaf-05,port57,N02,spine-04,port33,
685,aoc,5.0,N02,leaf-05,port58,N02,spine-04,port34,
686,aoc,5.0,N02,leaf-05,port59,N02,spine-04,port35,
687,aoc,5.0,N02,leaf-05,port60,N02,spine-04,port36,
688,aoc,5.0,N02,leaf-05,port61,N02,spine-04,port37,
689,aoc,5.0,N02,leaf-05,port62,N02,spine-04,port38,
690,aoc,5.0,N02,leaf-05,port63,N02,spine-04,port39,
691,aoc,5.0,N02,leaf-05,port64,N02,spine-04,port40,
692,aoc,5.0,N02,leaf-06,port33,N01,spine-01,port41,
693,aoc,5.0,N02,leaf-06,port34,N01,spine-01,port42,
694,aoc,5.0,N02,leaf-06,port35,N01,spine-01,port43,
695,aoc,5.0,N02,leaf-06,port36,N01,spine-01,port44,
696,aoc,5.0,N02,leaf-06,port37,N01,spine-01,port45,
697,aoc,5.0,N02,leaf-06,port38,N01,spine-01,port46,
698,aoc,5.0,N02,leaf-06,port39,N01,spine-01,port47,
699,aoc,5.0,N02,leaf-06,port40,N01,spine-01,port48,
700,aoc,5.0,N02,leaf-06,port41,N01,spine-02,port41,
701,aoc,5.0,N02,leaf-06,port42,N01,spine-02,port42,
702,aoc,5.0,N02,leaf-06,port43,N01,spine-02,port43,
703,aoc,5.0,N02,leaf-06,port44,N01,spine-02,port44,
704,aoc,5.0,N02,leaf-06,port45,N01,spine-02,port45,
705,aoc,5.0,N02,leaf-06,port46,N01,spine-02,port46,
706,aoc,5.0,N02,leaf-06,port47,N01,spine-02,port47,
707,aoc,5.0,N02,leaf-06,port48,N01,spine-02,port48,
708,aoc,5.0,N02,leaf-06,port49,N02,spine-03,port41,
709,aoc,5.0,N02,leaf-06,port50,N02,spine-03,port42,
710,aoc,5.0,N02,leaf-06,port51,N02,spine-03,port43,
711,aoc,5.0,N02,leaf-06,port52,N02,spine-03,port44,
712,aoc,5.0,N02,leaf-06,port53,N02,spine-03,port45,
713,aoc,5.0,N02,leaf-06,port54,N02,spine-03,port46,
714,aoc,5.0,N02,leaf-06,port55,N02,spine-03,port47,
715,aoc,5.0,N02,leaf-06,port56,N02,spine-03,port48,
716,aoc,5.0,N02,leaf-06,port57,N02,spine-04,port41,
717,aoc,5.0,N02,leaf-06,port58,N02,spine-04,port42,
718,aoc,5.0,N02,leaf-06,port59,N02,spine-04,port43,
719,aoc,5.0,N02,leaf-06,port60,N02,spine-04,port44,
720,aoc,5.0,N02,leaf-06,port61,N02,spine-04,port45,
721,aoc,5.0,N02,leaf-06,port62,N02,spine-04,port46,
722,aoc,5.0,N02,leaf-06,port63,N02,spine-04,port47,
723,aoc,5.0,N02,leaf-06,port64,N02,spine-04,port48,
724,aoc,5.0,N02,leaf-07,port33,N01,spine-01,port49,
725,aoc,5.0,N02,leaf-07,port34,N01,spine-01,port50,
726,aoc,5.0,N02,leaf-07,port35,N01,spine-01,port51,
727,aoc,5.0,N02,leaf-07,port36,N01,spine-01,port52,
728,aoc,5.0,N02,leaf-07,port37,N01,spine-01,port53,
729,aoc,5.0,N02,leaf-07,port38,N01,spine-01,port54,
730,aoc,5.0,N02,leaf-07,port39,N01,spine-01,port55,
731,aoc,5.0,N02,leaf-07,port40,N01,spine-01,port56,
732,aoc,5.0,N02,leaf-07,port41,N01,spine-02,port49,
733,aoc,5.0,N02,leaf-07,port42,N01,spine-02,port50,
734,aoc,5.0,N02,leaf-07,port43,N01,spine-02,port51,
735,aoc,5.0,N02,leaf-07,port44,N01,spine-02,port52,
736,aoc,5.0,N02,leaf-07,port45,N01,spine-02,port53,
737,aoc,5.0,N02,leaf-07,port46,N01,spine-02,port54,
738,aoc,5.0,N02,leaf-07,port47,N01,spine-02,port55,
739,aoc,5.0,N02,leaf-07,port48,N01,spine-02,port56,
740,aoc,5.0,N02,leaf-07,port49,N02,spine-03,port49,
741,aoc,5.0,N02,leaf-07,port50,N02,spine-03,port50,
742,aoc,5.0,N02,leaf-07,port51,N02,spine-03,port51,
743,aoc,5.0,N02,leaf-07,port52,N02,spine-03,port52,
744,aoc,5.0,N02,leaf-07,port53,N02,spine-03,port53,
745,aoc,5.0,N02,leaf-07,port54,N02,spine-03,port54,
746,aoc,5.0,N02,leaf-07,port55,N02,spine-03,port55,
747,aoc,5.0,N02,leaf-07,port56,N02,spine-03,port56,
748,aoc,5.0,N02,leaf-07,port57,N02,spine-04,port49,
749,aoc,5.0,N02,leaf-07,port58,N02,spine-04,port50,
750,aoc,5.0,N02,leaf-07,port59,N02,spine-04,port51,
751,aoc,5.0,N02,leaf-07,port60,N02,spine-04,port52,
752,aoc,5.0,N02,leaf-07,port61,N02,spine-04,port53,
753,aoc,5.0,N02,leaf-07,port62,N02,spine-04,port54,
754,aoc,5.0,N02,leaf-07,port63,N02,spine-04,port55,
755,aoc,5.0,N02,leaf-07,port64,N02,spine-04,port56,
756,aoc,5.0,N02,leaf-08,port33,N01,spine-01,port57,
757,aoc,5.0,N02,leaf-08,port34,N01,spine-01,port58,
758,aoc,5.0,N02,leaf-08,port35,N01,spine-01,port59,
759,aoc,5.0,N02,leaf-08,port36,N01,spine-01,port60,
760,aoc,5.0,N02,leaf-08,port37,N01,spine-01,port61,
761,aoc,5.0,N02,leaf-08,port38,N01,spine-01,port62,
762,aoc,5.0,N02,leaf-08,port39,N01,spine-01,port63,
763,aoc,5.0,N02,leaf-08,port40,N01,spine-01,port64,
764,aoc,5.0,N02,leaf-08,port41,N01,spine-02,port57,
765,aoc,5.0,N02,leaf-08,port42,N01,spine-02,port58,
766,aoc,5.0,N02,leaf-08,port43,N01,spine-02,port59,
767,aoc,5.0,N02,leaf-08,port44,N01,spine-02,port60,
768,aoc,5.0,N02,leaf-08,port45,N01,spine-02,port61,
769,aoc,5.0,N02,leaf-08,port46,N01,spine-02,port62,
770,aoc,5.0,N02,leaf-08,port47,N01,spine-02,port63,
771,aoc,5.0,N02,leaf-08,port48,N01,spine-02,port64,
772,aoc,5.0,N02,leaf-08,port49,N02,spine-03,port57,
773,aoc,5.0,N02,leaf-08,port50,N02,spine-03,port58,
774,aoc,5.0,N02,leaf-08,port51,N02,spine-03,port59,
775,aoc,5.0,N02,leaf-08,port52,N02,spine-03,port60,
776,aoc,5.0,N02,leaf-08,port53,N02,spine-03,port61,
777,aoc,5.0,N02,leaf-08,port54,N02,spine-03,port62,
778,aoc,5.0,N02,leaf-08,port55,N02,spine-03,port63,
779,aoc,5.0,N02,leaf-08,port56,N02,spine-03,port64,
780,aoc,5.0,N02,leaf-08,port57,N02,spine-04,port57,
781,aoc,5.0,N02,leaf-08,port58,N02,spine-04,port58,
782,aoc,5.0,N02,leaf-08,port59,N02,spine-04,port59,
783,aoc,5.0,N02,leaf-08,port60,N02,spine-04,port60,
784,aoc,5.0,N02,leaf-08,port61,N02,spine-04,port61,
785,aoc,5.0,N02,leaf-08,port62,N02,spine-04,port62,
786,aoc,5.0,N02,leaf-08,port63,N02,spine-04,port63,
787,aoc,5.0,N02,leaf-08,port64,N02,spine-04,port64,
238,power,,N02,pdu-n02-a,outlet1,N02,leaf-05,psu1,
243,power,,N02,pdu-n02-a,outlet2,N02,leaf-07,psu2,
244,power,,N02,pdu-n02-a,outlet3,N02,leaf-08,psu1,
249,power,,N02,pdu-n02-a,outlet4,N02,spine-04,psu2,
239,power,,N02,pdu-n02-b,outlet1,N02,leaf-05,psu2,
240,power,,N02,pdu-n02-b,outlet2,N02,leaf-06,psu1,
245,power,,N02,pdu-n02-b,outlet3,N02,leaf-08,psu2,
246,power,,N02,pdu-n02-b,outlet4,N02,spine-03,psu1,
241,power,,N02,pdu-n02-c,outlet1,N02,leaf-06,psu2,
242,power,,N02,pdu-n02-c,outlet2,N02,leaf-07,psu1,
247,power,,N02,pdu-n02-c,outlet3,N02,spine-03,psu2,
248,power,,N02,pdu-n02-c,outlet4,N02,spine-04,psu1,
261,power,,S01,(power feed),S01-A,S01,pdu-s01-a,input,
262,power,,S01,(power feed),S01-B,S01,pdu-s01-b,input,
263,power,,S01,(power feed),S01-C,S01,pdu-s01-c,input,
264,power,,S01,pdu-s01-a,outlet1,S01,stor-fabric-01,psu1,
269,power,,S01,pdu-s01-a,outlet2,S01,storage-01,psu2,
270,power,,S01,pdu-s01-a,outlet3,S01,storage-02,psu1,
275,power,,S01,pdu-s01-a,outlet4,S01,storage-04,psu2,
265,power,,S01,pdu-s01-b,outlet1,S01,stor-fabric-01,psu2,
266,power,,S01,pdu-s01-b,outlet2,S01,stor-fabric-02,psu1,
271,power,,S01,pdu-s01-b,outlet3,S01,storage-02,psu2,
272,power,,S01,pdu-s01-b,outlet4,S01,storage-03,psu1,
267,power,,S01,pdu-s01-c,outlet1,S01,stor-fabric-02,psu2,
268,power,,S01,pdu-s01-c,outlet2,S01,storage-01,psu1,
273,power,,S01,pdu-s01-c,outlet3,S01,storage-03,psu2,
274,power,,S01,pdu-s01-c,outlet4,S01,storage-04,psu1,
964,cat6a,30.0,S01,storage-01,bmc,M01,oob-02,eth15,
924,mmf-om4,20.0,S01,storage-01,eth0,M01,inband-01,eth33,ok
925,mmf-om4,20.0,S01,storage-01,eth1,M01,inband-02,eth33,ok
852,mmf-om4,20.0,S01,storage-01,ib-storage0,S01,stor-fabric-01,port33,ok
853,mmf-om4,20.0,S01,storage-01,ib-storage1,S01,stor-fabric-02,port33,ok
965,cat6a,30.0,S01,storage-02,bmc,M01,oob-02,eth16,
926,mmf-om4,20.0,S01,storage-02,eth0,M01,inband-01,eth34,ok
927,mmf-om4,20.0,S01,storage-02,eth1,M01,inband-02,eth34,ok
854,mmf-om4,20.0,S01,storage-02,ib-storage0,S01,stor-fabric-01,port34,ok
855,mmf-om4,20.0,S01,storage-02,ib-storage1,S01,stor-fabric-02,port34,ok
966,cat6a,30.0,S01,storage-03,bmc,M01,oob-02,eth17,
928,mmf-om4,20.0,S01,storage-03,eth0,M01,inband-01,eth35,ok
929,mmf-om4,20.0,S01,storage-03,eth1,M01,inband-02,eth35,ok
856,mmf-om4,20.0,S01,storage-03,ib-storage0,S01,stor-fabric-01,port35,ok
857,mmf-om4,20.0,S01,storage-03,ib-storage1,S01,stor-fabric-02,port35,ok
967,cat6a,30.0,S01,storage-04,bmc,M01,oob-02,eth18,
930,mmf-om4,20.0,S01,storage-04,eth0,M01,inband-01,eth36,ok
931,mmf-om4,20.0,S01,storage-04,eth1,M01,inband-02,eth36,ok
858,mmf-om4,20.0,S01,storage-04,ib-storage0,S01,stor-fabric-01,port36,ok
859,mmf-om4,20.0,S01,storage-04,ib-storage1,S01,stor-fabric-02,port36,ok
